﻿<?xml version="1.0" encoding="utf-8"?>
<Kingdoms xmlns:i="http://www.w3.org/2001/XMLSchema-instance">
	<Kingdom>
		<Name>Animalia</Name>
		<Uri>Animalia</Uri>
	</Kingdom>
	<Kingdom>
		<Name>Fungi</Name>
		<Uri>Fungi</Uri>
	</Kingdom>
	<Kingdom>
		<Name>Amoebozoa</Name>
		<Uri>Amoebozoa</Uri>
	</Kingdom>
	<Kingdom>
		<Name>Plantae</Name>
		<Uri>Plantae</Uri>
	</Kingdom>
	<Kingdom>
		<Name>Chromalveolata</Name>
		<Uri>Chromalveolata</Uri>
	</Kingdom>
	<Kingdom>
		<Name>Rhizaria</Name>
		<Uri>Rhizaria</Uri>
	</Kingdom>
	<Kingdom>
		<Name>Excavata</Name>
		<Uri>Excavata</Uri>
	</Kingdom>
</Kingdoms>