﻿<?xml version="1.0" encoding="utf-8"?>
<Book xmlns:s='http://schemas.microsoft.com/sitka/2008/03/'
      xmlns:xsi='http://www.w3.org/2001/XMLSchema-instance'
      xmlns:x='http://www.w3.org/2001/XMLSchema' >
  <s:Id>MyBookId</s:Id>
  <title xsi:type='x:string'>Some Title</title>
  <summary xsi:type='x:string'>Some Summary</summary>
  <isbn xsi:type='x:string'>11-1111-11-1</isbn>
  <author xsi:type='x:string'>Mr. Author</author>
  <publisher xsi:type='x:string'>Mr. Publisher</publisher>
</Book>